date_added,company_name,company_website,date_removed
2026-04-13,&BACK COFFEE,https://www.andback.com/,
2026-04-13,5DayDeal,https://5daydeal.com,
2026-04-13,Acumatica,https://www.acumatica.com/,
2026-04-13,ACURE,https://acure.com/,
2026-04-13,ALOHA,https://aloha.com/,
2026-04-13,Alter Eco LLC,https://www.alterecofoods.com/,
2026-04-13,Amika,https://loveamika.com/,
2026-04-13,Ana Luisa,https://www.analuisa.com/,
2026-04-13,Ananday,https://ananday.com/,
2026-04-13,Ancient + Brave,https://ancientandbrave.earth,
2026-04-13,Another Tomorrow,https://anothertomorrow.co/,
2026-04-13,Aquila's Nest Vineyards,https://www.aquilasnestvineyards.com/,
2026-04-13,August,https://www.itsaugust.co/,
2026-04-13,AUVA Certification Limited,https://www.auva.com,
2026-04-13,AvAir,https://avair.aero/,
2026-04-13,Avocado Green Mattress,https://www.avocadogreenmattress.com/,
2026-04-13,Backdrop,https://www.backdrophome.com/,
2026-04-13,Be Ultimate,https://beultimate.com/,
2026-04-13,Beco,https://www.becopets.com/,
2026-04-13,BioLite,https://www.bioliteenergy.com/,
2026-04-13,Bloobloom,https://www.bloobloom.com/,
2026-04-13,"Blue Dot Way, LLC",https://www.forthebluedot.com/,
2026-04-13,Blue Planet Outdoors / Earthwild,https://www.blueplanetoutdoors.com/,
2026-04-13,Blueland,https://www.blueland.com/,
2026-04-13,Bona Furtuna N.A.,https://www.bonafurtuna.com,
2026-04-13,Bookshop.org®,https://bookshop.org/,
2026-04-13,Boonboo,https://www.boonboo.com,
2026-04-13,Booth,https://hirebooth.com/,
2026-04-13,Bread Alone Bakery,https://www.breadalone.com/,
2026-04-13,Bronwen Jewelry LLC,https://bronwenjewelry.com/,
2026-04-13,Bruna,https://brunathelabel.com/en-us,
2026-04-13,Bud Light NEXT,https://www.anheuser-busch.com/,
2026-04-13,Burgeon Beer Company,https://burgeonbeer.com/,
2026-04-13,By Rosie Jane,https://byrosiejane.com/,
2026-04-13,Cairnspring Mills,https://cairnspring.com/blogs/news/sustainability,
2026-04-13,Calgee,https://calgee.com/,
2026-04-13,CAMP Eyewear,https://www.campeyewear.com,
2026-04-13,Canary Marketing,https://www.canarymarketing.com/,2026-05-04
2026-04-13,Ceremonia,https://ceremonia.com/,
2026-04-13,ChicoBag,https://www.chicobag.com/,
2026-04-13,"ChicoEco, Inc",https://www.chicobag.com,
2026-04-13,CHNGE,https://chnge.com/,
2026-04-13,Clove & Twine,https://www.cloveandtwine.com/,
2026-04-13,CNaught,https://www.cnaught.com,
2026-04-13,Collins Hume,https://www.collinshume.com/,
2026-04-13,Commons,https://www.thecommons.earth/,
2026-04-13,Convert,https://www.convert.com/,
2026-04-13,COUNSEL,https://wearecounsel.com/,
2026-04-13,Crap Eyewear,https://crapeyewear.com/,
2026-04-13,Creative Solutions,https://www.creativesolutions.net/,
2026-04-13,Denomination,https://www.denomination.com/,
2026-04-13,DEPT®,https://www.deptagency.com/,
2026-04-13,"Dermatone Labs, LLC",https://www.dermatone.com/,
2026-04-13,Dimagi,https://dimagi.com/,
2026-04-13,Dozen Bakery,https://www.dozen-nashville.com,
2026-04-13,Earth Harbor Naturals,https://earthharbor.com/,
2026-04-13,EarthHero,,
2026-04-13,EthicDrinks,https://ethicdrinks.fr/en/,
2026-04-13,Ethique,https://www.ethique.com,
2026-04-13,Ettitude,https://www.ettitude.com/?utm_source=climateneutral.org&utm_medium=referral&utm_campaign=0422_cnhomepage,
2026-04-13,Eva-NYC,https://eva-nyc.com/,
2026-04-13,Experience Momentum,https://www.experiencemomentum.com/,
2026-04-13,ExquisiteCrystals.com LLC,https://www.exquisitecrystals.com,
2026-04-13,F Bass Inc.,https://fbass.com/,
2026-04-13,Fireclay Tile,https://www.fireclaytile.com/,
2026-04-13,Fjorden,https://fjorden.co,
2026-04-13,Flickr,https://www.flickr.com/,
2026-04-13,Fluf Textile Goods Inc.,https://fluf.ca/,
2026-04-13,Forsake,https://www.forsake.com/shop/index.html,
2026-04-13,FUSION Performance Group,https://fusion-roi.com/,
2026-04-13,Gifts for Good,https://www.giftsforgood.com,
2026-04-13,Glow Recipe,https://www.glowrecipe.com/,
2026-04-13,Good Good Good,https://www.goodgoodgood.co/,
2026-04-13,Goodee,https://www.goodeeworld.com/,
2026-04-13,goodr,https://goodr.com/,
2026-04-13,Grain,https://www.graindesign.com,
2026-04-13,GreenFi,https://www.greenfi.com/,
2026-04-13,GreenStep Solutions Inc.,https://greenstep.ca/,
2026-04-13,HANNI,https://www.heyhanni.com,
2026-04-13,Happy Earth,https://www.happyearthapparel.com/,
2026-04-13,HigherRing,https://www.higherring.com/,
2026-04-13,Holden Rings,https://hiholden.com/,
2026-04-13,Hune,https://hune.eco/,
2026-04-13,Ibex,,
2026-04-13,Independent Record Pressing,https://www.independentrecordpressing.com/,
2026-04-13,Infinum,https://infinum.com/,
2026-04-13,Innersense Organic Beauty,https://innersensebeauty.com/,
2026-04-13,Jikoni,https://www.jikonilondon.com/,
2026-04-13,JuneShine,https://juneshine.com/,
2026-04-13,Kate McLeod,https://www.katemcleod.com/,
2026-04-13,KBS Pets,https://kbspets.com/,
2026-04-13,Kenna Group,https://www.kennagroup.com/,
2026-04-13,Klean Kanteen,https://www.kleankanteen.com/,
2026-04-13,Knowmium,https://knowmium.com/,
2026-04-13,KORA Organics,https://www.koraorganics.com,
2026-04-13,KORARU,https://www.koraru.co/,
2026-04-13,KraveBeauty,https://kravebeauty.com/,
2026-04-13,La Sportiva N.A.,https://www.lasportivausa.com/,
2026-04-13,Laid Back Snacks Inc.,,
2026-04-13,Langley's Gin,https://www.langleysgin.com/,
2026-04-13,LifeStraw,https://lifestraw.com/,
2026-04-13,LOJEL,https://www.lojel.com/,
2026-04-13,loqa,https://www.loqa.co/,
2026-04-13,Lubanzi Wines,https://www.lubanziwines.com/,
2026-04-13,Maison Louis Marie,https://www.maisonlouismarie.com,
2026-04-13,Marnie Hawson Pty Ltd,https://www.marniehawson.com.au,
2026-04-13,MATE the Label,https://matethelabel.com/,
2026-04-13,MiiR,https://www.miir.com/,
2026-04-13,Molly Mutt,https://www.mollymutt.com/,
2026-04-13,Nanimarquina,https://nanimarquina.com/,
2026-04-13,Narrative Food,https://narrativefood.com/,
2026-04-13,Needed,https://thisisneeded.com/,
2026-04-13,"Nimble for Good, PBC (dba Nimble)",https://www.gonimble.com/,
2026-04-13,Nocs Provisions,https://www.nocsprovisions.com/,
2026-04-13,Nomad,https://nomadgoods.com/,
2026-04-13,NOMADIX,https://www.nomadix.co/,
2026-04-13,Numi Organic Tea,https://numitea.com/,
2026-04-13,Nécessaire,https://necessaire.com/,
2026-04-13,Ocio Leisurewear,,2026-05-04
2026-04-13,Orbitkey,https://www.orbitkey.com/,
2026-04-13,Originate NBM,https://originatenbm.com/,
2026-04-13,OSEA Malibu,https://oseamalibu.com/,
2026-04-13,Peak Design,https://www.peakdesign.com,
2026-04-13,Pela Case,https://pelacase.com/,
2026-04-13,Perr & Knight Consulting,https://www.perrknight.com/,
2026-04-13,Petaluma,https://www.feedpetaluma.com,
2026-04-13,Planet+Purpose Solutions,https://www.planetpurposesolutions.com,
2026-04-13,PopSockets,https://www.popsockets.com/en-us/home,
2026-04-13,Post Company,https://postcompany.co,
2026-04-13,Preserve,https://www.preserve.eco/,
2026-04-13,Project Reef,https://projectreef.com/,
2026-04-13,Prose,https://prose.com,
2026-04-13,Pure Brewing,https://www.purebrewing.org/,
2026-04-13,QEJA SOCKS,https://qejasocks.com/,
2026-04-13,Rainbo,https://rainbo.com/,
2026-04-13,Reformation,https://www.thereformation.com/,
2026-04-13,REI,https://www.rei.com/,
2026-04-13,Renoun,https://renoun.com,
2026-04-13,Rizos Curls,https://rizoscurls.com/,
2026-04-13,Rumpl,https://www.rumpl.com/,
2026-04-13,Saltverk,https://saltverk.com/,
2026-04-13,salty aura,https://saltyaura.com/,
2026-04-13,SARDINE,,
2026-04-13,SAYLOR NYC INC,https://www.saylor.nyc/,
2026-04-20,Schilling Cider,https://schillingcider.com/,
2026-04-13,Seatrees,https://www.seatrees.org,
2026-04-13,Seed & Shell,,
2026-04-13,Sendle,https://www.sendle.com/,
2026-04-13,Simple & Dainty,https://simpleanddainty.com,
2026-04-13,Slow Loris,https://slowloris.com/,
2026-04-13,SmugMug,https://www.smugmug.com/,
2026-04-13,Snaplinc Consulting,https://snaplincconsulting.com/,
2026-04-13,Soar Organics,https://soarorganics.com/,
2026-04-13,Soleil Soleil,https://soleilsoleil.com.au/,
2026-04-13,Split Spirits,https://www.splitspirits.com/,
2026-04-13,Stickbulb,https://stickbulb.com/,
2026-04-13,Stio,https://www.stio.com,
2026-04-13,Stranda Snowboards,https://www.strandasnowboards.com,
2026-04-13,Sunski,https://sunski.com,
2026-04-13,Supercharge Ltd,https://supercharge.io/,
2026-04-13,Sutsu,https://sutsu.com/,
2026-04-13,Swagger,https://giveswagger.com/,
2026-04-13,Sweet Chef,https://sweetchefskincare.com/,
2026-04-13,TECODA,https://drinktecoda.com/,
2026-04-13,tentree,https://tentree.com,
2026-04-13,Thatcher,https://thatcherstudio.com/,
2026-04-13,The Change Climate Project,,
2026-04-13,The Earthling Co.,https://theearthlingco.com/,
2026-04-13,The Resell Club,https://www.theresellclub.com/,
2026-04-13,The Running Kind,https://therunningkind.net/,
2026-04-13,The Scrubba,https://thescrubba.com/,
2026-04-13,The Synergy Company,https://www.thesynergycompany.com,
2026-04-13,Their Jewelry,https://theirisours.com/,
2026-04-13,To-Go Ware,https://www.to-goware.com/,
2026-04-13,Topiku,https://www.topiku.co,
2026-04-13,TOPO Collective,https://www.topocollective.com,
2026-04-13,Tripulse,https://tripulse.co/,
2026-04-13,Turtle Fur,https://turtlefur.com/,
2026-04-13,Underscored,https://underscored.uk/,
2026-04-13,Unruled,https://beunruled.com/,
2026-04-13,Vahdam Teas,https://www.vahdam.com/,
2026-04-13,Vargo Outdoors,https://vargooutdoors.com/,
2026-04-13,Veerless,http://www.veerless.com,
2026-04-13,Vintner's Daughter,https://vintnersdaughter.com/,
2026-04-13,VIOLETTE_FR,https://www.violettefr.com,
2026-04-13,Weknowtransfers,https://weknowtransfers.com,
2026-04-13,WILDFANG,https://www.wildfang.com/,
2026-04-13,Will's Vegan Store,https://www.wills-vegan-store.co.uk,
2026-04-13,WOODSANDWAVES,https://www.woodsandwaves.co/,
2026-04-13,Xocolatl Chocolate,https://xocolatlchocolate.com/,
2026-04-13,YAMA Mountain Gear,https://yamamountaingear.com/,
2026-04-13,ZeroWasteStore,https://zerowastestore.com/,
2026-04-13,zkipster,https://www.zkipster.com,
2026-04-13,Zusa,https://zusa.com/,
